{"final_train_loss": 0.7944819331169128, "best_val_loss": 1.468845248222351, "total_train_time": 760.7775371074677, "avg_inference_tokens_per_second": 284.7580301525269}