{"final_train_loss": 0.8207949995994568, "best_val_loss": 1.4643940925598145, "total_train_time": 786.8847146034241, "avg_inference_tokens_per_second": 283.1069960482149}