{"shakespeare_char": {"means": {"final_train_loss_mean": 0.8076384663581848, "best_val_loss_mean": 1.4666196703910828, "total_train_time_mean": 773.8311258554459, "avg_inference_tokens_per_second_mean": 283.9325131003709}, "stderrs": {"final_train_loss_stderr": 0.006578266620635986, "best_val_loss_stderr": 0.0011127889156341553, "total_train_time_stderr": 6.526794373989105, "avg_inference_tokens_per_second_stderr": 0.4127585260779938}, "final_info_dict": {"final_train_loss": [0.8207949995994568, 0.7944819331169128], "best_val_loss": [1.4643940925598145, 1.468845248222351], "total_train_time": [786.8847146034241, 760.7775371074677], "avg_inference_tokens_per_second": [283.1069960482149, 284.7580301525269]}}}